gross_reference_eur,table_step_from_eur,table_step_to_eur,general_class_I_eur,general_class_II_eur,general_class_III_eur,general_class_IV_eur,general_class_V_eur,general_class_VI_eur,special_class_I_eur,special_class_II_eur,special_class_III_eur,special_class_IV_eur,special_class_V_eur,special_class_VI_eur
5000.00,4968.00,5003.99,0.00,0.00,0.00,0.00,377.00,563.00,0.00,0.00,0.00,0.00,523.00,700.00
7500.00,7488.00,7523.99,0.00,0.00,0.00,0.00,656.00,847.00,0.00,0.00,0.00,0.00,875.00,1053.00
10000.00,9972.00,10007.99,0.00,0.00,0.00,0.00,931.00,1127.00,0.00,0.00,0.00,0.00,1223.00,1400.00
12500.00,12492.00,12527.99,0.00,0.00,0.00,0.00,1210.00,1410.00,0.00,0.00,0.00,0.00,1576.00,1753.00
15000.00,14976.00,15011.99,0.00,0.00,0.00,0.00,1486.00,1690.00,213.00,0.00,0.00,213.00,1924.00,2363.00
17500.00,17496.00,17531.99,55.00,0.00,0.00,55.00,1782.00,1982.00,688.00,0.00,0.00,688.00,2890.00,3422.00
20000.00,19980.00,20015.99,404.00,0.00,0.00,404.00,2289.00,2821.00,1264.00,341.00,0.00,1264.00,3933.00,4465.00
22500.00,22500.00,22535.99,818.00,36.00,0.00,818.00,3141.00,3673.00,1887.00,851.00,0.00,1887.00,4992.00,5523.00
25000.00,24984.00,25019.99,1291.00,361.00,0.00,1291.00,3980.00,4512.00,2523.00,1445.00,0.00,2523.00,6035.00,6567.00
27500.00,27468.00,27503.99,1784.00,760.00,0.00,1784.00,4819.00,5351.00,3180.00,2066.00,226.00,3180.00,7054.00,7516.00
30000.00,29988.00,30023.99,2299.00,1234.00,0.00,2299.00,5671.00,6203.00,3869.00,2718.00,642.00,3869.00,7984.00,8466.00
32500.00,32472.00,32507.99,2820.00,1726.00,26.00,2820.00,6510.00,7024.00,4569.00,3381.00,1110.00,4569.00,8942.00,9446.00
35000.00,34992.00,35027.99,3363.00,2239.00,332.00,3363.00,7300.00,7766.00,5301.00,4076.00,1644.00,5301.00,9958.00,10484.00
37500.00,37476.00,37511.99,3912.00,2758.00,670.00,3912.00,8042.00,8528.00,6045.00,4783.00,2224.00,6045.00,10996.00,11528.00
40000.00,39996.00,40031.99,4483.00,3299.00,1052.00,4483.00,8824.00,9326.00,6821.00,5522.00,2836.00,6821.00,12054.00,12586.00
42500.00,42480.00,42515.99,5060.00,3847.00,1464.00,5060.00,9620.00,10142.00,7607.00,6272.00,3450.00,7607.00,13098.00,13629.00
45000.00,45000.00,45035.99,5659.00,4416.00,1918.00,5659.00,10458.00,10990.00,8427.00,7054.00,4084.00,8427.00,14156.00,14688.00
47500.00,47484.00,47519.99,6263.00,4991.00,2398.00,6263.00,11297.00,11829.00,9256.00,7847.00,4720.00,9256.00,15199.00,15731.00
50000.00,49968.00,50003.99,6882.00,5580.00,2884.00,6882.00,12137.00,12668.00,10107.00,8661.00,5368.00,10107.00,16243.00,16774.00
52500.00,52488.00,52523.99,7524.00,6192.00,3386.00,7524.00,12988.00,13520.00,10992.00,9509.00,6034.00,10992.00,17301.00,17833.00
55000.00,54972.00,55007.99,8170.00,6809.00,3886.00,8170.00,13827.00,14359.00,11886.00,10366.00,6702.00,11886.00,18344.00,18876.00
57500.00,57492.00,57527.99,8840.00,7449.00,4402.00,8840.00,14679.00,15211.00,12814.00,11257.00,7390.00,12814.00,19403.00,19934.00
60000.00,59976.00,60011.99,9514.00,8093.00,4918.00,9514.00,15518.00,16050.00,13751.00,12158.00,8080.00,13751.00,20446.00,20978.00
62500.00,62496.00,62531.99,10212.00,8762.00,5448.00,10212.00,16370.00,16902.00,14724.00,13093.00,8792.00,14724.00,21504.00,22036.00
65000.00,64980.00,65015.99,10914.00,9434.00,5976.00,10914.00,17209.00,17741.00,15703.00,14036.00,9502.00,15703.00,22548.00,23079.00
67500.00,67500.00,67535.99,11640.00,10131.00,6520.00,11640.00,18060.00,18592.00,16719.00,15015.00,10234.00,16719.00,23606.00,24138.00
70000.00,69984.00,70019.99,12381.00,10841.00,7070.00,12381.00,18911.00,19443.00,17742.00,16001.00,10968.00,17742.00,24649.00,25181.00
72500.00,72468.00,72503.99,13220.00,11647.00,7690.00,13220.00,19858.00,20389.00,18783.00,17009.00,11710.00,18783.00,25693.00,26224.00
75000.00,74988.00,75023.99,14090.00,12484.00,8330.00,14090.00,20818.00,21349.00,19842.00,18053.00,12476.00,19842.00,26751.00,27283.00
77500.00,77472.00,77507.99,14965.00,13325.00,8966.00,14965.00,21764.00,22296.00,20885.00,19096.00,13240.00,20885.00,27794.00,28326.00
80000.00,79992.00,80027.99,15871.00,14198.00,9624.00,15871.00,22724.00,23256.00,21943.00,20154.00,14028.00,21943.00,28853.00,29384.00
82500.00,82476.00,82511.99,16782.00,15075.00,10280.00,16782.00,23670.00,24202.00,22987.00,21198.00,14814.00,22987.00,29896.00,30428.00
85000.00,84996.00,85031.99,17723.00,15983.00,10954.00,17723.00,24630.00,25162.00,24045.00,22256.00,15622.00,24045.00,30954.00,31486.00
87500.00,87480.00,87515.99,18667.00,16895.00,11628.00,18667.00,25576.00,26108.00,25088.00,23299.00,16430.00,25088.00,31998.00,32529.00
90000.00,90000.00,90035.99,19627.00,17839.00,12320.00,19627.00,26536.00,27068.00,26147.00,24358.00,17260.00,26147.00,33056.00,33588.00
92500.00,92484.00,92519.99,20573.00,18784.00,13010.00,20573.00,27483.00,28014.00,27190.00,25401.00,18090.00,27190.00,34099.00,34631.00
95000.00,94968.00,95003.99,21520.00,19731.00,13712.00,21520.00,28429.00,28961.00,28233.00,26444.00,18930.00,28233.00,35143.00,35674.00
97500.00,97488.00,97523.99,22479.00,20690.00,14430.00,22479.00,29389.00,29920.00,29292.00,27503.00,19792.00,29292.00,36201.00,36733.00
100000.00,99972.00,100007.99,23426.00,21636.00,15148.00,23426.00,30335.00,30867.00,30335.00,28546.00,20654.00,30335.00,37244.00,37776.00
102500.00,102492.00,102527.99,24430.00,22641.00,15918.00,24430.00,31339.00,31871.00,31393.00,29604.00,21540.00,31393.00,38303.00,38834.00
105000.00,104976.00,105011.99,25473.00,23684.00,16730.00,25473.00,32382.00,32914.00,32437.00,30648.00,22422.00,32437.00,39346.00,39878.00
107500.00,107496.00,107531.99,26532.00,24742.00,17564.00,26532.00,33441.00,33973.00,33495.00,31706.00,23330.00,33495.00,40404.00,40936.00
110000.00,109980.00,110015.99,27575.00,25786.00,18398.00,27575.00,34484.00,35016.00,34538.00,32749.00,24234.00,34538.00,41448.00,41979.00
